"Repere","Valeur","Empreinte","Reference fabricant","Quantite"
"C1","10uF","Capacitor_SMD:C_0805_2012Metric","","1"
"C2,C3,C4,C8,C9,C10","100nF","Capacitor_SMD:C_0805_2012Metric","","6"
"C5,C6,C7","1nF","Capacitor_SMD:C_0805_2012Metric","","3"
"C11","1uF","Capacitor_SMD:C_0805_2012Metric","","1"
"D1,D4","SMAJ5.0A","Diode_SMD:D_SMA","SMAJ5.0A","2"
"D2","Orange PWR","LED_THT:LED_D5.0mm","","1"
"D3","SS34","Diode_SMD:D_SMA","SS34","1"
"D5,D6,D7","BAT54S","Package_TO_SOT_SMD:SOT-23","BAT54S","3"
"D8,D12,D13,D14","1N4148W","Diode_SMD:D_SOD-123","1N4148W","4"
"D9","Rouge D+","LED_THT:LED_D5.0mm","","1"
"D10","Rouge D-","LED_THT:LED_D5.0mm","","1"
"D11","Rouge VBUS","LED_THT:LED_D5.0mm","","1"
"D15","Verte OK","LED_THT:LED_D5.0mm","","1"
"F1","500mA hold","Fuse:Fuse_1812_4532Metric","Bourns MF-MSMF050-2","1"
"J1","USB-A test","Connector_USB:USB_A_Receptacle_GCT_USB1046","GCT USB1046","1"
"J2","USB-C alim","Connector_USB:USB_C_Receptacle_GCT_USB4125-xx-x_6P_TopMnt_Horizontal","GCT USB4125-GF-A","1"
"R1,R2","5.1k","Resistor_SMD:R_0805_2012Metric","","2"
"R3,R22,R23,R24,R26","1k","Resistor_SMD:R_0805_2012Metric","","5"
"R4","51k","Resistor_SMD:R_0805_2012Metric","","1"
"R5","33k","Resistor_SMD:R_0805_2012Metric","","1"
"R6","15k","Resistor_SMD:R_0805_2012Metric","","1"
"R7,R8,R11,R12","220k","Resistor_SMD:R_1206_3216Metric","","4"
"R9,R13","220k","Resistor_SMD:R_0805_2012Metric","","2"
"R10,R14","120k","Resistor_SMD:R_0805_2012Metric","","2"
"R15","100k","Resistor_SMD:R_1206_3216Metric","","1"
"R16","150k","Resistor_SMD:R_0805_2012Metric","","1"
"R17","43k","Resistor_SMD:R_0805_2012Metric","","1"
"R18,R19,R20","10k","Resistor_SMD:R_0805_2012Metric","","3"
"R21,R25","100k","Resistor_SMD:R_0805_2012Metric","","2"
"SW1","RESET","Button_Switch_SMD:SW_SPST_B3S-1000","Omron B3S-1000","1"
"U1,U2","LM339","Package_SO:SOIC-14_3.9x8.7mm_P1.27mm","LM339DR","2"
"U3","74HC279","Package_SO:SOIC-16_3.9x9.9mm_P1.27mm","74HC279D","1"
