Ref,Val,Package,PosX,PosY,Rot,Side
"C1","10uF","C_0805_2012Metric",80.300000,-62.200000,90.000000,top
"C2","100nF","C_0805_2012Metric",80.300000,-66.800000,90.000000,top
"C3","100nF","C_0805_2012Metric",74.900000,-71.000000,0.000000,top
"C4","100nF","C_0805_2012Metric",74.900000,-73.400000,0.000000,top
"C5","1nF","C_0805_2012Metric",88.600000,-117.400000,0.000000,top
"C6","1nF","C_0805_2012Metric",81.200000,-112.300000,0.000000,top
"C7","1nF","C_0805_2012Metric",79.600000,-85.800000,0.000000,top
"C8","100nF","C_0805_2012Metric",93.600000,-110.500000,90.000000,top
"C9","100nF","C_0805_2012Metric",82.600000,-76.000000,90.000000,top
"C10","100nF","C_0805_2012Metric",93.500000,-89.500000,90.000000,top
"C11","1uF","C_0805_2012Metric",78.500000,-95.500000,90.000000,top
"D1","SMAJ5.0A","D_SMA",97.600000,-62.400000,90.000000,top
"D2","Orange PWR","LED_D5.0mm",70.500000,-63.500000,0.000000,top
"D3","SS34","D_SMA",76.000000,-120.000000,90.000000,top
"D4","SMAJ5.0A","D_SMA",77.300000,-131.800000,180.000000,top
"D5","BAT54S","SOT-23",93.500000,-116.500000,0.000000,top
"D6","BAT54S","SOT-23",81.000000,-104.000000,0.000000,top
"D7","BAT54S","SOT-23",75.000000,-79.500000,90.000000,top
"D8","1N4148W","D_SOD-123",73.000000,-89.500000,0.000000,top
"D9","Rouge D+","LED_D5.0mm",102.765000,-108.560000,180.000000,top
"D10","Rouge D-","LED_D5.0mm",102.765000,-116.030000,180.000000,top
"D11","Rouge VBUS","LED_D5.0mm",102.765000,-123.500000,180.000000,top
"D12","1N4148W","D_SOD-123",95.000000,-72.000000,90.000000,top
"D13","1N4148W","D_SOD-123",95.000000,-77.000000,90.000000,top
"D14","1N4148W","D_SOD-123",95.000000,-82.000000,90.000000,top
"D15","Verte OK","LED_D5.0mm",100.460000,-85.500000,0.000000,top
"F1","500mA hold","Fuse_1812_4532Metric",80.500000,-125.500000,-90.000000,top
"J1","USB-A test","USB_A_Receptacle_GCT_USB1046",88.500000,-139.250000,0.000000,top
"J2","USB-C alim","USB_C_Receptacle_GCT_USB4125-xx-x_6P_TopMnt_Horizontal",87.680000,-60.300000,180.000000,top
"R1","5.1k","R_0805_2012Metric",86.600000,-67.400000,90.000000,top
"R2","5.1k","R_0805_2012Metric",89.000000,-67.400000,90.000000,top
"R3","1k","R_0805_2012Metric",76.600000,-66.400000,90.000000,top
"R4","51k","R_0805_2012Metric",70.500000,-71.000000,0.000000,top
"R5","33k","R_0805_2012Metric",70.500000,-73.400000,0.000000,top
"R6","15k","R_0805_2012Metric",70.500000,-75.800000,0.000000,top
"R7","220k","R_1206_3216Metric",90.500000,-126.300000,90.000000,top
"R8","220k","R_1206_3216Metric",90.500000,-121.000000,90.000000,top
"R9","220k","R_0805_2012Metric",93.600000,-113.400000,0.000000,top
"R10","120k","R_0805_2012Metric",88.600000,-115.000000,0.000000,top
"R11","220k","R_1206_3216Metric",86.000000,-126.300000,90.000000,top
"R12","220k","R_1206_3216Metric",86.000000,-121.000000,90.000000,top
"R13","220k","R_0805_2012Metric",81.200000,-107.500000,0.000000,top
"R14","120k","R_0805_2012Metric",81.200000,-109.900000,0.000000,top
"R15","100k","R_1206_3216Metric",83.000000,-119.500000,90.000000,top
"R16","150k","R_0805_2012Metric",79.600000,-81.000000,0.000000,top
"R17","43k","R_0805_2012Metric",79.600000,-83.400000,0.000000,top
"R18","10k","R_0805_2012Metric",81.500000,-92.000000,90.000000,top
"R19","10k","R_0805_2012Metric",81.500000,-96.500000,90.000000,top
"R20","10k","R_0805_2012Metric",94.000000,-94.500000,90.000000,top
"R21","100k","R_0805_2012Metric",78.500000,-91.000000,90.000000,top
"R22","1k","R_0805_2012Metric",96.600000,-106.500000,90.000000,top
"R23","1k","R_0805_2012Metric",96.600000,-114.000000,90.000000,top
"R24","1k","R_0805_2012Metric",96.600000,-121.500000,90.000000,top
"R25","100k","R_0805_2012Metric",98.000000,-76.000000,90.000000,top
"R26","1k","R_0805_2012Metric",103.200000,-79.800000,90.000000,top
"SW1","RESET","SW_SPST_B3S-1000",72.300000,-95.500000,0.000000,top
"U1","LM339","SOIC-14_3.9x8.7mm_P1.27mm",88.000000,-108.000000,180.000000,top
"U2","LM339","SOIC-14_3.9x8.7mm_P1.27mm",88.000000,-79.000000,0.000000,top
"U3","74HC279","SOIC-16_3.9x9.9mm_P1.27mm",88.000000,-94.500000,0.000000,top
